,title,price,image
0,RFV1 (tm) Full HD 1080P Sports DV Action Waterproof Sports and Action Camera,"₹1,023",https://rukminim1.flixcart.com/image/312/312/jm2c87k0/sports-action-camera/8/g/y/full-hd10-full-hd1080-p-ng-etc-full-hd10-happy2buy-original-imaf26jhfrg8qn8z.jpeg?q=70
1,SONY Alpha ILCE-6400L Mirrorless Camera with 16-50mm Power Zoom Lens,"₹79,990",https://rukminim1.flixcart.com/image/312/312/kw9krrk0/dslr-camera/1/h/j/-original-imag8z5weagzztda.jpeg?q=70
2,"Canon EOS 3000D DSLR Camera 1 Camera Body, 18 - 55 mm Lens","₹31,499",https://rukminim1.flixcart.com/image/312/312/jfbfde80/camera/n/r/n/canon-eos-eos-3000d-dslr-original-imaf3t5h9yuyc5zu.jpeg?q=70
3,SONY Alpha ILCE-6400M Mirrorless Camera with 18-135mm Zoom Lens,"₹1,02,990",https://rukminim1.flixcart.com/image/312/312/kw9krrk0/dslr-camera/u/0/f/-original-imag8z5wh87ggcgy.jpeg?q=70
4,SONY ILCE-6100Y/B IN5 Mirrorless Camera with 16-50 mm & 55-210 mm Zoom Lenses,"₹78,990",https://rukminim1.flixcart.com/image/312/312/k3q76a80/camera/x/u/e/sony-apsc-ilce-6100y-b-in5-mirrorless-original-imafm6msr4fghzfw.jpeg?q=70
5,SONY ILCE-6100/B IN5 Mirrorless Camera Body Only,"₹57,154",https://rukminim1.flixcart.com/image/312/312/k3q76a80/camera/m/c/4/sony-apsc-ilce-6100-b-in5-mirrorless-original-imafm6nu2zq8xstc.jpeg?q=70
6,Canon EOS 1500D DSLR Camera Body+ 18-55 mm IS II Lens,"₹39,995",https://rukminim1.flixcart.com/image/312/312/kk01pjk0/dslr-camera/f/v/o/eos-1500d-canon-original-imafzfugydh2mjgf.jpeg?q=70
7,Bzrqx Mini Security CCTV 1080p Wifi Double Antenna Auto Rotating Night Vision Mobile Live Streaming Sp...,"₹1,619",https://rukminim1.flixcart.com/image/312/312/l1pc3gw0/sports-action-camera/h/f/u/cctv-1080p-wifi-double-antenna-auto-rotating-night-vision-mobile-original-imagd7zcxbzxrt4x.jpeg?q=70
8,SONY Alpha Full Frame ILCE-7M2K/BQ IN5 Mirrorless Camera Body with 28 - 70 mm Lens,"₹85,999",https://rukminim1.flixcart.com/image/312/312/l5jxt3k0/dslr-camera/m/n/a/-original-imagg7hsggshhwbz.jpeg?q=70
9,SIOVS WIFI SECURITY CAMERA HD Spy IP Camera Hidden Wireless CCTV Security with Microphone Security Cam...,"₹1,169",https://rukminim1.flixcart.com/image/312/312/kwnv6a80/home-security-camera/d/a/j/1-ccdy85-indoor-outdoor-security-camera-ctrzq-original-imag9afzpnmp2vzy.jpeg?q=70
10,1CAMPRO GOPRO ACTION CAMERA GoPro Action Camera 4k16MP Wifi 30M Waterproof Action Camera Sports DV Cam...,"₹2,249",https://rukminim1.flixcart.com/image/312/312/xif0q/sports-action-camera/0/e/q/gopro-action-camera-4k16mp-wifi-30m-waterproof-action-camera-original-imaghfrbqjhww4yz.jpeg?q=70
11,Canon EOS 200D II DSLR Camera EF-S18-55mm IS STM,"₹56,499",https://rukminim1.flixcart.com/image/312/312/juwzf680/dslr-camera/g/a/q/200d-ii-200d-ii-canon-original-imaffvrhzyqzayys.jpeg?q=70
12,FUJIFILM X Series X-E4 Mirrorless Camera Body with XF 27 mm F2.8 R WR Prime Lens,"₹89,999",https://rukminim1.flixcart.com/image/312/312/kmds4nk0/dslr-camera/l/r/f/x-e4-x-e4-fujifilm-original-imagfazttxmjtpdx.jpeg?q=70
13,SONY Alpha 7M3K Mirrorless Camera Body with 28 - 70 mm Zoom Lens,"₹1,60,081",https://rukminim1.flixcart.com/image/312/312/kw9krrk0/dslr-camera/q/l/w/-original-imag8z5wwaqtq9bz.jpeg?q=70
14,Canon EOS M50 Mark II Mirrorless Camera EF-M15-45mm is STM Lens,"₹57,890",https://rukminim1.flixcart.com/image/312/312/knyxqq80/dslr-camera/r/y/x/digital-camera-eos-m50-mark-ii-eos-m50-mark-ii-canon-original-imag2gzkexzqhyhu.jpeg?q=70
15,SIOVS WIFI SECURITY CAMERA 1080P Full HD Spy Hidden Total Wireless CCTV IP Camera For Home Spy Sports ...,"₹1,082",https://rukminim1.flixcart.com/image/312/312/ktaeqvk0/home-security-camera/f/e/n/magnet00489-indoor-outdoor-security-camera-ojxtzf-original-imag6nvfgnydevfw.jpeg?q=70
16,Sneh Fashion 101 Wonderful Toy Digital Camera | Photo | Video Recorder Camera | Camera Gift Item,₹999,https://rukminim1.flixcart.com/image/312/312/xif0q/musical-toy/c/k/x/kids-digital-and-video-recorder-camera-full-hd-portable-screen-original-imagh82nwzkgxnmq.jpeg?q=70
17,VOLTAC 1080P Sports Powershoot WIFI Shoot Series camera for Travel Bike Adventure 170 Degree Wide Angl...,"₹1,349",https://rukminim1.flixcart.com/image/312/312/xif0q/sports-action-camera/8/a/o/camera-for-travel-bike-adventure-170-degree-wide-angle-30m-original-imaggw8ysb7g95yf.jpeg?q=70
18,DMG 4K Wifi Waterproof Helmet 2 inch LCD Display Ultra-HD 12MP 170Â° Wide Angle Lens Full HD Sports an...,"₹1,860",https://rukminim1.flixcart.com/image/312/312/jl41nrk0/sports-action-camera/n/a/g/waterproof-helmet-2-inch-lcd-display-ultra-hd-12mp-170-wide-original-imaf8b9jucxgtyrb.jpeg?q=70
19,SJCAM SJ 4000 Air 4K Full HD WiFi 30M Waterproof Sports Action Camera Waterproof DV Camcorder 16MP Spo...,"₹5,042",https://rukminim1.flixcart.com/image/312/312/koudfgw0/sports-action-camera/k/l/3/4000-air-4k-full-hd-wifi-30m-waterproof-sports-action-camera-original-imag37azyptu4zak.jpeg?q=70
20,"Inext 7 Full HD 1080P Sports DV Action Waterproof Sports and Action Camera Black, 8 MP) Sports and Act...","₹1,020",https://rukminim1.flixcart.com/image/312/312/xif0q/sports-action-camera/f/s/k/full-hd-1080p-sports-dv-action-waterproof-sports-and-action-original-imaggf9x2rhfmtpq.jpeg?q=70
21,Mirroreye mini camera SQ 8 mini camera 1080p Smallest Wireless Sports and Action Camera,₹764,https://rukminim1.flixcart.com/image/312/312/kk4c13k0/home-security-camera/f/n/y/l171-indoor-outdoor-security-camera-ojxtzf-original-imafzja8nzm6xtwj.jpeg?q=70
22,"IC Plius 6 Spy Camera Button HD Camera/Audio/ Record/Support Spy Camera (32 GB, ) Sports and Action Ca...",₹882,https://rukminim1.flixcart.com/image/312/312/ky0g58w0/sports-action-camera/i/w/b/spy-camera-button-hd-camera-audio-record-support-spy-camera-32-original-imagac78vdmeqpk7.jpeg?q=70
23,Canon EOS M200 Mirrorless Camera Body with Single Lens (EF-M15-45mm f/3.5-6.3 IS STM),"₹43,995",https://rukminim1.flixcart.com/image/312/312/k1gr2q80/dslr-camera/p/q/m/eos-m200-eos-m200-canon-original-imafhyx2kydnznhg.jpeg?q=70
